{
  "verteces": [
    [
      1,
      0
    ],
    [
      5.292307692307692,
      0
    ],
    [
      4.8076923076923075,
      1.3692307692307693
    ],
    [
      2.9462082771208964,
      0.6998486329848889
    ],
    [
      3.3615384615384616,
      0
    ],
    [
      4.406955015502262,
      1.225127258099805
    ],
    [
      1.9134448936497295,
      0.32847109307000494
    ],
    [
      2.230769230769231,
      0
    ],
    [
      2.4997031038160884,
      0.539287176725787
    ],
    [
      2.7,
      0
    ],
    [
      3.758856499343798,
      0.9920736502690836
    ],
    [
      4.4,
      0
    ],
    [
      1.4533166889848455,
      0.16301084977636957
    ],
    [
      1.8692307692307693,
      0
    ]
  ],
  "edges": [
    [
      0,
      13
    ],
    [
      0,
      12
    ],
    [
      3,
      10
    ],
    [
      4,
      11
    ],
    [
      3,
      4
    ],
    [
      5,
      2
    ],
    [
      5,
      1
    ],
    [
      6,
      8
    ],
    [
      7,
      9
    ],
    [
      6,
      7
    ],
    [
      8,
      3
    ],
    [
      9,
      4
    ],
    [
      8,
      9
    ],
    [
      10,
      5
    ],
    [
      11,
      1
    ],
    [
      10,
      11
    ],
    [
      12,
      6
    ],
    [
      13,
      7
    ],
    [
      12,
      13
    ]
  ],
  "vertexTypes": [
    1,
    1,
    0,
    0,
    1,
    0,
    0,
    1,
    0,
    1,
    0,
    1,
    0,
    1
  ],
  "vertexBoyantRadiai": [
    0,
    0,
    0.1,
    0,
    0,
    0,
    0,
    0,
    0,
    0,
    0,
    0,
    0,
    0
  ],
  "edgeTypes": [
    0,
    0,
    0,
    0,
    2,
    0,
    2,
    0,
    0,
    2,
    0,
    0,
    2,
    0,
    0,
    2,
    0,
    0,
    2
  ],
  "edgeLengths": [
    0.8692307692307693,
    0.4817349454388764,
    0.8635928402950029,
    1.0384615384615388,
    0.8138103410372385,
    0.4258593656033434,
    1.5115509124292463,
    0.623010521673129,
    0.46923076923076934,
    0.45671434607524075,
    0.47449641834686185,
    0.6615384615384614,
    0.5752821095790994,
    0.6887275736963911,
    0.8923076923076918,
    1.1812176412464868,
    0.4889734725308914,
    0.3615384615384616,
    0.4467180982360429
  ],
  "edgeSplits": [
    null,
    3,
    5,
    null,
    null,
    2,
    null,
    4,
    null,
    null,
    3,
    null,
    null,
    4,
    null,
    null,
    4,
    null,
    null
  ],
  "waterLevel": 1.3005930704401214
}
