{
  "vertices": [
    [
      1,
      0
    ],
    [
      23.96,
      3.4
    ],
    [
      23.44,
      0
    ],
    [
      10.650983922017252,
      1.2876768165532968
    ],
    [
      14.12,
      0
    ]
  ],
  "edges": [
    [
      0,
      3
    ],
    [
      0,
      4
    ],
    [
      3,
      1
    ],
    [
      4,
      2
    ],
    [
      3,
      4
    ]
  ],
  "vertexTypes": [
    1,
    0,
    1,
    0,
    1
  ],
  "vertexBoyantRadiai": [
    0,
    1,
    0,
    0,
    0
  ],
  "edgeTypes": [
    0,
    0,
    0,
    0,
    2
  ],
  "edgeLengths": [
    9.736508729874602,
    13.12,
    12.418095757680575,
    9.320000000000002,
    8.7002951413626
  ],
  "waterLevel": 3.4682481878403237
}
