{
  "verteces": [
    [
      2,
      0
    ],
    [
      4,
      0
    ],
    [
      2.8333333333333335,
      0.01
    ],
    [
      2.5,
      0.02
    ],
    [
      3.3333333333333335,
      0.03
    ],
    [
      2.1041666666666665,
      0.00125
    ],
    [
      2.2083333333333335,
      0.0025
    ],
    [
      2.3125,
      0.0037500000000000003
    ],
    [
      2.416666666666667,
      0.005
    ],
    [
      2.5208333333333335,
      0.0062499999999999995
    ],
    [
      2.625,
      0.007500000000000001
    ],
    [
      2.729166666666667,
      0.00875
    ],
    [
      2.791666666666667,
      0.01125
    ],
    [
      2.75,
      0.0125
    ],
    [
      2.7083333333333335,
      0.01375
    ],
    [
      2.666666666666667,
      0.015
    ],
    [
      2.625,
      0.01625
    ],
    [
      2.5833333333333335,
      0.0175
    ],
    [
      2.5416666666666665,
      0.018750000000000003
    ],
    [
      2.6041666666666665,
      0.02125
    ],
    [
      2.7083333333333335,
      0.0225
    ],
    [
      2.8125,
      0.02375
    ],
    [
      2.916666666666667,
      0.025
    ],
    [
      3.0208333333333335,
      0.02625
    ],
    [
      3.125,
      0.0275
    ],
    [
      3.229166666666667,
      0.028749999999999998
    ],
    [
      2.74,
      0.5066666666666667
    ]
  ],
  "edges": [
    [
      0,
      1
    ],
    [
      0,
      5
    ],
    [
      5,
      6
    ],
    [
      6,
      7
    ],
    [
      7,
      8
    ],
    [
      8,
      9
    ],
    [
      9,
      10
    ],
    [
      10,
      11
    ],
    [
      11,
      2
    ],
    [
      2,
      12
    ],
    [
      12,
      13
    ],
    [
      13,
      14
    ],
    [
      14,
      15
    ],
    [
      15,
      16
    ],
    [
      16,
      17
    ],
    [
      17,
      18
    ],
    [
      18,
      3
    ],
    [
      3,
      19
    ],
    [
      19,
      20
    ],
    [
      20,
      21
    ],
    [
      21,
      22
    ],
    [
      22,
      23
    ],
    [
      23,
      24
    ],
    [
      24,
      25
    ],
    [
      25,
      4
    ],
    [
      4,
      26
    ],
    [
      1,
      26
    ]
  ],
  "vertexTypes": [
    1,
    1,
    0,
    0,
    0,
    0,
    0,
    0,
    0,
    0,
    0,
    0,
    0,
    0,
    0,
    0,
    0,
    0,
    0,
    0,
    0,
    0,
    0,
    0,
    0,
    0,
    0
  ],
  "vertexBoyantRadiai": [
    0,
    0,
    0.02,
    0.02,
    0.02,
    0.02,
    0.02,
    0.02,
    0.02,
    0.02,
    0.02,
    0.02,
    0.02,
    0.02,
    0.02,
    0.02,
    0.02,
    0.02,
    0.02,
    0.02,
    0.02,
    0.02,
    0.02,
    0.02,
    0.02,
    0.02,
    0.4
  ],
  "edgeTypes": [
    0,
    0,
    0,
    0,
    0,
    0,
    0,
    0,
    0,
    0,
    0,
    0,
    0,
    0,
    0,
    0,
    0,
    0,
    0,
    0,
    0,
    0,
    0,
    0,
    0,
    2,
    2
  ],
  "edgeLengths": [
    2,
    0.10417416639668595,
    0.1041741663966864,
    0.10417416639668595,
    0.1041741663966864,
    0.10417416639668595,
    0.10417416639668595,
    0.1041741663966864,
    0.10417416639668595,
    0.04168541244981389,
    0.04168541244981433,
    0.04168541244981389,
    0.04168541244981389,
    0.04168541244981433,
    0.04168541244981389,
    0.04168541244981433,
    0.04168541244981389,
    0.10417416639668595,
    0.1041741663966864,
    0.10417416639668595,
    0.1041741663966864,
    0.10417416639668595,
    0.10417416639668595,
    0.1041741663966864,
    0.10417416639668595,
    1,
    1.3333333333333335
  ],
  "edgeSplits": [
    1,
    1,
    1,
    1,
    1,
    1,
    1,
    1,
    1,
    1,
    1,
    1,
    1,
    1,
    1,
    1,
    1,
    1,
    1,
    1,
    1,
    1,
    1,
    1,
    1,
    1,
    1
  ],
  "waterLevel": 0.8036000000000065
}
