{"edges": [[0, 2], [2, 3], [3, 4], [4, 5], [5, 1], [1, 9], [9, 10], [10, 11], [11, 12], [12, 6], [6, 13], [13, 14], [14, 15], [15, 16], [16, 7], [7, 17], [17, 18], [18, 19], [19, 20], [20, 8], [8, 22], [22, 23], [23, 24], [24, 25], [25, 21], [0, 21]], "vertexTypes": [1, 0, 0, 0, 0, 0, 0, 0, 0, 0, 0, 0, 0, 0, 0, 0, 0, 0, 0, 0, 0, 0, 0, 0, 0, 0], "vertexBoyantRadiai": [0.0, 0.02, 0.02, 0.02, 0.02, 0.02, 0.02, 0.02, 0.4, 0.02, 0.02, 0.02, 0.02, 0.02, 0.02, 0.02, 0.02, 0.02, 0.02, 0.02, 0.02, 0.4, 0.02, 0.02, 0.02, 0.02], "verteces": [[4.0, 0.0], [2.0, 0.01], [3.6, 0.002], [3.2, 0.004], [2.8, 0.005999999999999999], [2.4000000000000004, 0.008], [2.8333333333333335, 0.02], [2.5, 0.03], [3.3333333333333335, 0.04], [2.1666666666666665, 0.012], [2.3333333333333335, 0.014], [2.5, 0.016], [2.666666666666667, 0.018000000000000002], [2.7666666666666666, 0.022], [2.7, 0.024], [2.6333333333333333, 0.026000000000000002], [2.566666666666667, 0.028], [2.6666666666666665, 0.032], [2.8333333333333335, 0.034], [3.0, 0.036000000000000004], [3.166666666666667, 0.038], [5.333333333333334, 0.04], [3.7333333333333334, 0.04], [4.133333333333334, 0.04], [4.533333333333333, 0.04], [4.933333333333334, 0.04]], "edgeSplits": [0, 0, 0, 0, 0, 0, 0, 0, 0, 0, 0, 0, 0, 0, 0, 0, 0, 0, 0, 0, 0, 0, 0, 0, 0, 0], "edgeTypes": [0, 0, 0, 0, 0, 0, 0, 0, 0, 0, 0, 0, 0, 0, 0, 0, 0, 0, 0, 0, 0, 0, 0, 0, 0, 2], "edgeLengths": [0.4000049999687503, 0.4000049999687503, 0.4000049999687508, 0.4000049999687499, 0.4000049999687508, 0.16667866623469763, 0.16667866623469807, 0.16667866623469763, 0.16667866623469807, 0.16667866623469763, 0.06669665991970267, 0.06669665991970222, 0.06669665991970267, 0.06669665991970222, 0.06669665991970267, 0.16667866623469763, 0.16667866623469807, 0.16667866623469763, 0.16667866623469807, 0.16667866623469763, 0.3999999999999999, 0.40000000000000036, 0.39999999999999947, 0.40000000000000036, 0.40000000000000036, 1.3333333333333335], "waterLevel": 0.01}