{
  "vertices": [
    [
      1,
      0
    ],
    [
      5.253846153846154,
      0
    ],
    [
      4.961538461538462,
      2.123076923076923
    ],
    [
      2.941066933921378,
      1.0402611141015534
    ],
    [
      3.6538461538461537,
      0
    ]
  ],
  "edges": [
    [
      0,
      4
    ],
    [
      0,
      3
    ],
    [
      2,
      1
    ],
    [
      3,
      2
    ],
    [
      4,
      1
    ],
    [
      3,
      4
    ]
  ],
  "vertexTypes": [
    1,
    1,
    0,
    0,
    1
  ],
  "vertexBoyantRadiai": [
    0,
    0,
    0,
    0,
    0
  ],
  "edgeTypes": [
    0,
    0,
    2,
    0,
    0,
    2
  ],
  "edgeLengths": [
    2.6538461538461537,
    2.202245224191608,
    2.14310508568386,
    2.292334022361989,
    1.6,
    1.2610302937948703
  ],
  "waterLevel": 1
}
