{
  "verteces": [
    [
      1,
      0
    ],
    [
      21.48,
      12.89
    ],
    [
      25.24,
      0
    ],
    [
      12.78178334222761,
      7.415390003970406
    ],
    [
      16.96,
      0
    ],
    [
      17.317623371600074,
      10.270222913082273
    ],
    [
      23.52,
      0
    ],
    [
      2.178178334222761,
      0.7415390003970406
    ],
    [
      3.356356668445522,
      1.4830780007940811
    ],
    [
      4.534535002668283,
      2.2246170011911217
    ],
    [
      5.712713336891044,
      2.9661560015881623
    ],
    [
      6.890891671113804,
      3.707695001985203
    ],
    [
      8.069070005336565,
      4.449234002382243
    ],
    [
      9.247248339559325,
      5.190773002779284
    ],
    [
      10.425426673782086,
      5.932312003176325
    ],
    [
      11.603605008004847,
      6.673851003573365
    ],
    [
      15.049703356913842,
      8.84280645852634
    ],
    [
      16.183663364256958,
      9.556514685804306
    ],
    [
      13.915743349570725,
      8.129098231248372
    ],
    [
      18.705082247733383,
      11.14348194205485
    ],
    [
      20.092541123866692,
      12.016740971027426
    ],
    [
      3.9827864049899038,
      1.877349451187492
    ],
    [
      12.32,
      0
    ],
    [
      8.554691337258198,
      4.754881412952063
    ],
    [
      14.96,
      0
    ]
  ],
  "edges": [
    [
      0,
      22
    ],
    [
      4,
      6
    ],
    [
      3,
      4
    ],
    [
      6,
      2
    ],
    [
      5,
      6
    ],
    [
      1,
      2
    ],
    [
      0,
      7
    ],
    [
      7,
      8
    ],
    [
      8,
      21
    ],
    [
      9,
      10
    ],
    [
      10,
      11
    ],
    [
      11,
      12
    ],
    [
      12,
      23
    ],
    [
      13,
      14
    ],
    [
      14,
      15
    ],
    [
      15,
      3
    ],
    [
      16,
      17
    ],
    [
      17,
      5
    ],
    [
      3,
      18
    ],
    [
      18,
      16
    ],
    [
      5,
      19
    ],
    [
      19,
      20
    ],
    [
      20,
      1
    ],
    [
      21,
      9
    ],
    [
      22,
      24
    ],
    [
      21,
      22
    ],
    [
      23,
      13
    ],
    [
      24,
      4
    ],
    [
      23,
      24
    ]
  ],
  "vertexTypes": [
    1,
    0,
    1,
    0,
    1,
    0,
    1,
    0,
    0,
    0,
    0,
    0,
    0,
    0,
    0,
    0,
    0,
    0,
    0,
    0,
    0,
    0,
    1,
    0,
    1
  ],
  "edgeTypes": [
    0,
    0,
    2,
    0,
    2,
    2,
    0,
    0,
    0,
    0,
    0,
    0,
    0,
    0,
    0,
    0,
    0,
    0,
    0,
    0,
    0,
    0,
    0,
    0,
    0,
    2,
    0,
    0,
    2
  ],
  "edgeLengths": [
    11.32,
    6.559999999999999,
    10.5114924279042,
    1.7199999999999989,
    14.9977895682881,
    14.4272000059581,
    1.3921150370360065,
    1.3921150370360065,
    0.7401784861926125,
    1.3921150370360063,
    1.3921150370360063,
    1.3921150370360063,
    0.5738017232506164,
    1.392115037036006,
    1.392115037036006,
    1.3921150370360094,
    1.3398674307325547,
    1.3398674307325555,
    1.3398674307325535,
    1.3398674307325555,
    1.6393972870061824,
    1.6393972870061824,
    1.6393972870061813,
    0.6519365508433944,
    2.6400000000000006,
    8.9459681423871,
    0.8183133137853901,
    2,
    8.57727248602128
  ],
  "waterLevel": 11.055041098741032
}
