{"edges": [[0, 1], [1, 2], [2, 3], [3, 4], [4, 5], [5, 6], [6, 7], [7, 8], [8, 9], [9, 10], [0, 11], [11, 12], [12, 13], [13, 14], [14, 15], [15, 16], [16, 17], [17, 18], [18, 19], [19, 20], [1, 11], [2, 12], [3, 13], [4, 14], [5, 15], [6, 16], [7, 17], [8, 18], [9, 19], [10, 20]], "vertexTypes": [1, 1, 1, 1, 1, 1, 1, 1, 1, 1, 1, 0, 0, 0, 0, 0, 0, 0, 0, 0, 0], "vertexBoyantRadiai": [0.0, 0.0, 0.0, 0.0, 0.0, 0.0, 0.0, 0.0, 0.0, 0.0, 0.0, 0.05, 0.05, 0.05, 0.05, 0.05, 0.05, 0.05, 0.05, 0.05, 0.05], "vertices": [[1.0, 0.0], [1.5, 0.0], [2.0, 0.0], [2.5, 0.0], [3.0, 0.0], [3.5, 0.0], [4.0, 0.0], [4.5, 0.0], [5.0, 0.0], [5.5, 0.0], [6.0, 0.0], [1.499695413509548, 0.017449748351250485], [1.9993908270190959, 0.03489949670250097], [2.4990862405286434, 0.05234924505375146], [2.9987816540381917, 0.06979899340500194], [3.4984770675477392, 0.08724874175625243], [3.998172481057287, 0.10469849010750291], [4.497867894566834, 0.12214823845875339], [4.9975633080763835, 0.13959798681000388], [5.497258721585931, 0.15704773516125436], [5.9969541350954785, 0.17449748351250485]], "edgeSplits": [0, 0, 0, 0, 0, 0, 0, 0, 0, 0, 0, 0, 0, 0, 0, 0, 0, 0, 0, 0, 0, 0, 0, 0, 0, 0, 0, 0, 0, 0], "edgeTypes": [0, 0, 0, 0, 0, 0, 0, 0, 0, 0, 0, 0, 0, 0, 0, 0, 0, 0, 0, 0, 2, 2, 2, 2, 2, 2, 2, 2, 2, 2], "edgeLengths": [0.5, 0.5, 0.5, 0.5, 0.5, 0.5, 0.5, 0.5, 0.5, 0.5, 0.5, 0.5, 0.4999999999999996, 0.5000000000000004, 0.4999999999999996, 0.5, 0.49999999999999917, 0.5000000000000013, 0.4999999999999996, 0.4999999999999996, 0.2164396139381029, 0.4328792278762058, 0.6493188418143087, 0.8657584557524116, 1.0821980696905145, 1.2986376836286173, 1.5150772975667202, 1.7315169115048232, 1.947956525442926, 2.164396139381029], "waterLevel": 0.1}