{
    "verteces": [
      [
        1,
        0
      ],
      [
        6,
        0
      ],
      [
        2.279448751219998,
        1.543290881606669
      ],
      [
        3.5527405043599987,
        3.099536357666669
      ],
      [
        4.841751908773332,
        4.640062182453336
      ]
    ],
    "edges": [
      [
        0,
        1
      ],
      [
        0,
        2
      ],
      [
        2,
        3
      ],
      [
        3,
        4
      ],
      [
        2,
        1
      ],
      [
        1,
        3
      ],
      [
        4,
        1
      ]
    ],
    "vertexTypes": [
      1,
      1,
      0,
      0,
      0
    ],
    "vertexBoyantRadiai": [
      0,
      0,
      0.3,
      0.3,
      0.3
    ],
    "edgeTypes": [
      0,
      0,
      0,
      0,
      2,
      2,
      2
    ],
    "edgeLengths": [
      5,
      1.9844578867075242,
      2.010764001659954,
      1.9986224519525886,
      4.031500638501332,
      3.9403995537732577,
      4.780971130616992
    ],
    "edgeSplits": [
      1,
      5,
      5,
      5,
      1,
      1,
      1
    ],
    "waterLevel": 0.1
  }