{
  "vertices": [
    [
      1,
      0
    ],
    [
      -0.950966666666667,
      0
    ],
    [
      4.044720000000001,
      0
    ],
    [
      -0.9420933333333337,
      0
    ],
    [
      -0.8178666666666669,
      0.9944666666666667
    ],
    [
      -0.8190944100738571,
      0.9846382624565904
    ],
    [
      4.035846666666668,
      0
    ],
    [
      -0.8223686314997568,
      0.9584272712522611
    ],
    [
      -0.5427933333333336,
      1.9172933333333337
    ],
    [
      -0.5427933333333336,
      1.9172933333333337
    ],
    [
      4.0092266666666685,
      0
    ],
    [
      -0.5427933333333336,
      1.9172933333333337
    ],
    [
      -0.09025333333333341,
      2.813500000000001
    ],
    [
      -0.09385894808102896,
      2.8063594688329956
    ],
    [
      4.026973333333335,
      0
    ],
    [
      -0.10099947924803428,
      2.7922184169140243
    ],
    [
      0.50426,
      3.594353333333334
    ],
    [
      0.4967744057577982,
      3.584432866628249
    ],
    [
      3.831760000000001,
      0
    ]
  ],
  "edges": [
    [
      1,
      3
    ],
    [
      3,
      18
    ],
    [
      3,
      7
    ],
    [
      5,
      4
    ],
    [
      6,
      2
    ],
    [
      5,
      6
    ],
    [
      7,
      5
    ],
    [
      7,
      11
    ],
    [
      9,
      8
    ],
    [
      10,
      14
    ],
    [
      9,
      10
    ],
    [
      11,
      9
    ],
    [
      11,
      15
    ],
    [
      13,
      12
    ],
    [
      14,
      6
    ],
    [
      13,
      14
    ],
    [
      15,
      13
    ],
    [
      15,
      17
    ],
    [
      17,
      16
    ],
    [
      18,
      10
    ],
    [
      17,
      18
    ]
  ],
  "vertexTypes": [
    1,
    1,
    1,
    1,
    0,
    0,
    1,
    0,
    0,
    0,
    1,
    0,
    0,
    0,
    1,
    0,
    0,
    0,
    1
  ],
  "vertexBoyantRadiai": [
    0,
    0,
    0,
    0,
    0,
    0,
    0,
    0,
    0,
    0,
    0,
    0,
    0,
    0,
    0,
    0,
    0,
    0,
    0
  ],
  "edgeTypes": [
    0,
    0,
    0,
    0,
    0,
    2,
    0,
    0,
    0,
    0,
    2,
    0,
    0,
    0,
    0,
    2,
    0,
    0,
    0,
    0,
    2
  ],
  "edgeLengths": [
    0.008873333333333289,
    4.773853333333335,
    0.9658762024758629,
    0.009904790921091962,
    0.008873333333332845,
    4.9537829349413345,
    0.026414703970691126,
    0.9987925071583725,
    0,
    0.017746666666666577,
    4.939321796202842,
    0,
    0.980140658980241,
    0.007999227653703337,
    0.008873333333332845,
    4.985670683053116,
    0.01584160770635406,
    0.9924400999208859,
    0.012427782618214459,
    0.17746666666666755,
    4.895946066815669
  ],
  "edgeSplits": [
    null,
    null,
    null,
    null,
    null,
    null,
    null,
    null,
    null,
    null,
    null,
    null,
    null,
    null,
    null,
    null,
    null,
    null,
    null,
    null,
    null
  ],
  "waterLevel": 1
}