{
  "vertices": [
    [
      1,
      0
    ],
    [
      4.969230769230769,
      0
    ],
    [
      4.961538461538462,
      0.2692307692307692
    ],
    [
      2.2221372172582536,
      0.08305786913404953
    ],
    [
      2.2615384615384615,
      0
    ],
    [
      3.5770443292867764,
      0.17513893500007288
    ],
    [
      3.746153846153846,
      0
    ],
    [
      4.346381194335781,
      0.22742396466360865
    ],
    [
      4.507692307692308,
      0
    ]
  ],
  "edges": [
    [
      0,
      4
    ],
    [
      0,
      3
    ],
    [
      3,
      5
    ],
    [
      4,
      6
    ],
    [
      3,
      4
    ],
    [
      5,
      7
    ],
    [
      6,
      8
    ],
    [
      5,
      6
    ],
    [
      7,
      2
    ],
    [
      8,
      1
    ],
    [
      7,
      8
    ]
  ],
  "vertexTypes": [
    1,
    1,
    0,
    0,
    1,
    0,
    1,
    0,
    1
  ],
  "vertexBoyantRadiai": [
    0,
    0,
    0.05,
    0,
    0,
    0,
    0,
    0,
    0
  ],
  "edgeTypes": [
    0,
    0,
    0,
    0,
    2,
    0,
    0,
    2,
    0,
    0,
    2
  ],
  "edgeLengths": [
    1.2615384615384615,
    1.224956320622428,
    1.3580324756486846,
    1.4846153846153847,
    0.791929688762214,
    0.7711114940463198,
    0.7615384615384615,
    0.84345774838352,
    0.6165762501916423,
    0.4615384615384617,
    0.878824200878683
  ],
  "edgeSplits": [
    null,
    6,
    8,
    null,
    null,
    6,
    null,
    null,
    5,
    null,
    null
  ],
  "waterLevel": 0.1
}
