{
  "verteces": [
    [
      1,
      0
    ],
    [
      21.48,
      12.89
    ],
    [
      25.24,
      0
    ],
    [
      12.78178334222761,
      7.415390003970406
    ],
    [
      16.96,
      0
    ]
  ],
  "edges": [
    [
      0,
      3
    ],
    [
      0,
      4
    ],
    [
      3,
      1
    ],
    [
      4,
      2
    ],
    [
      3,
      4
    ]
  ],
  "vertexTypes": [
    1,
    0,
    1,
    0,
    1
  ],
  "edgeTypes": [
    0,
    0,
    0,
    0,
    2
  ],
  "waterLevel": 6.177817084590576
}
