{
  "vertices": [
    [
      2,
      0
    ],
    [
      4,
      0
    ],
    [
      1.5238095238095237,
      0.005
    ],
    [
      1.5714285714285714,
      0.01
    ],
    [
      1.0952380952380953,
      0.015
    ],
    [
      1.9523809523809523,
      0.0005
    ],
    [
      1.9047619047619047,
      0.001
    ],
    [
      1.8571428571428572,
      0.0014999999999999998
    ],
    [
      1.8095238095238095,
      0.002
    ],
    [
      1.7619047619047619,
      0.0025
    ],
    [
      1.7142857142857142,
      0.0029999999999999996
    ],
    [
      1.6666666666666665,
      0.0035
    ],
    [
      1.619047619047619,
      0.004
    ],
    [
      1.5714285714285714,
      0.0045
    ],
    [
      1.5285714285714285,
      0.0055
    ],
    [
      1.5333333333333332,
      0.006
    ],
    [
      1.538095238095238,
      0.006500000000000001
    ],
    [
      1.5428571428571427,
      0.007
    ],
    [
      1.5476190476190474,
      0.0075
    ],
    [
      1.5523809523809524,
      0.008
    ],
    [
      1.5571428571428572,
      0.0085
    ],
    [
      1.561904761904762,
      0.009000000000000001
    ],
    [
      1.5666666666666667,
      0.009500000000000001
    ],
    [
      1.5238095238095237,
      0.0105
    ],
    [
      1.4761904761904763,
      0.011
    ],
    [
      1.4285714285714286,
      0.0115
    ],
    [
      1.380952380952381,
      0.012
    ],
    [
      1.3333333333333335,
      0.0125
    ],
    [
      1.2857142857142858,
      0.013000000000000001
    ],
    [
      1.2380952380952381,
      0.0135
    ],
    [
      1.1904761904761907,
      0.014
    ],
    [
      1.142857142857143,
      0.014499999999999999
    ],
    [
      3.013333333333333,
      0.24
    ]
  ],
  "edges": [
    [
      0,
      1
    ],
    [
      0,
      5
    ],
    [
      5,
      6
    ],
    [
      6,
      7
    ],
    [
      7,
      8
    ],
    [
      8,
      9
    ],
    [
      9,
      10
    ],
    [
      10,
      11
    ],
    [
      11,
      12
    ],
    [
      12,
      13
    ],
    [
      13,
      2
    ],
    [
      2,
      14
    ],
    [
      14,
      15
    ],
    [
      15,
      16
    ],
    [
      16,
      17
    ],
    [
      17,
      18
    ],
    [
      18,
      19
    ],
    [
      19,
      20
    ],
    [
      20,
      21
    ],
    [
      21,
      22
    ],
    [
      22,
      3
    ],
    [
      3,
      23
    ],
    [
      23,
      24
    ],
    [
      24,
      25
    ],
    [
      25,
      26
    ],
    [
      26,
      27
    ],
    [
      27,
      28
    ],
    [
      28,
      29
    ],
    [
      29,
      30
    ],
    [
      30,
      31
    ],
    [
      31,
      4
    ],
    [
      0,
      4
    ],
    [
      4,
      1
    ],
    [
      1,
      32
    ]
  ],
  "vertexTypes": [
    1,
    1,
    0,
    0,
    0,
    0,
    0,
    0,
    0,
    0,
    0,
    0,
    0,
    0,
    0,
    0,
    0,
    0,
    0,
    0,
    0,
    0,
    0,
    0,
    0,
    0,
    0,
    0,
    0,
    0,
    0,
    0,
    0
  ],
  "vertexBoyantRadiai": [
    0,
    0,
    0,
    0,
    0.3,
    0,
    0,
    0,
    0,
    0,
    0,
    0,
    0,
    0,
    0,
    0,
    0,
    0,
    0,
    0,
    0,
    0,
    0,
    0,
    0,
    0,
    0,
    0,
    0,
    0,
    0,
    0,
    0.35
  ],
  "edgeTypes": [
    0,
    0,
    0,
    0,
    0,
    0,
    0,
    0,
    0,
    0,
    0,
    0,
    0,
    0,
    0,
    0,
    0,
    0,
    0,
    0,
    0,
    0,
    0,
    0,
    0,
    0,
    0,
    0,
    0,
    0,
    0,
    2,
    2,
    2
  ],
  "edgeLengths": [
    2,
    0.04762167254670009,
    0.04762167254670009,
    0.04762167254669988,
    0.04762167254670009,
    0.04762167254670009,
    0.04762167254670009,
    0.04762167254670009,
    0.04762167254669988,
    0.04762167254670009,
    0.04762167254670009,
    0.004788082806453026,
    0.004788082806453026,
    0.004788082806453026,
    0.004788082806453026,
    0.004788082806453026,
    0.004788082806453247,
    0.004788082806453026,
    0.004788082806453026,
    0.004788082806453026,
    0.004788082806453026,
    0.04762167254670009,
    0.04762167254669988,
    0.04762167254670009,
    0.04762167254670009,
    0.04762167254669988,
    0.04762167254670009,
    0.04762167254670009,
    0.04762167254669988,
    0.04762167254670009,
    0.04762167254670009,
    0.9047619047619047,
    1.9756166694199042,
    0.9047619047619047
  ],
  "edgeSplits": [
    1,
    1,
    1,
    1,
    1,
    1,
    1,
    1,
    1,
    1,
    1,
    1,
    1,
    1,
    1,
    1,
    1,
    1,
    1,
    1,
    1,
    1,
    1,
    1,
    1,
    1,
    1,
    1,
    1,
    1,
    1,
    1,
    1,
    1
  ],
  "waterLevel": 1.1371000000000169
}
