{
  "vertices": [
    [
      2,
      0
    ],
    [
      4,
      0
    ],
    [
      1.5238095238095237,
      0.005
    ],
    [
      1.5714285714285714,
      0.01
    ],
    [
      1.0952380952380953,
      0.015
    ],
    [
      1.9047619047619047,
      0.001
    ],
    [
      1.8095238095238095,
      0.002
    ],
    [
      1.7142857142857142,
      0.0029999999999999996
    ],
    [
      1.619047619047619,
      0.004
    ],
    [
      1.5333333333333332,
      0.006
    ],
    [
      1.5428571428571427,
      0.007
    ],
    [
      1.5523809523809524,
      0.008
    ],
    [
      1.561904761904762,
      0.009000000000000001
    ],
    [
      1.4761904761904763,
      0.011
    ],
    [
      1.380952380952381,
      0.012
    ],
    [
      1.2857142857142858,
      0.013000000000000001
    ],
    [
      1.1904761904761907,
      0.014
    ],
    [
      3.0952380952380953,
      0.3
    ],
    [
      0.6190476190476192,
      0.02
    ],
    [
      0.6666666666666667,
      0.025
    ],
    [
      0.19047619047619058,
      0.030000000000000002
    ],
    [
      1.0000000000000002,
      0.016
    ],
    [
      0.9047619047619049,
      0.017
    ],
    [
      0.8095238095238098,
      0.018
    ],
    [
      0.7142857142857144,
      0.019
    ],
    [
      0.6285714285714287,
      0.021
    ],
    [
      0.6380952380952382,
      0.022000000000000002
    ],
    [
      0.6476190476190478,
      0.023
    ],
    [
      0.6571428571428573,
      0.024
    ],
    [
      0.5714285714285715,
      0.026000000000000002
    ],
    [
      0.4761904761904763,
      0.027000000000000003
    ],
    [
      0.3809523809523811,
      0.028
    ],
    [
      0.28571428571428586,
      0.029
    ],
    [
      2.1904761904761907,
      0.3
    ]
  ],
  "edges": [
    [
      0,
      1
    ],
    [
      0,
      5
    ],
    [
      5,
      6
    ],
    [
      6,
      7
    ],
    [
      7,
      8
    ],
    [
      8,
      2
    ],
    [
      2,
      9
    ],
    [
      9,
      10
    ],
    [
      10,
      11
    ],
    [
      11,
      12
    ],
    [
      12,
      3
    ],
    [
      3,
      13
    ],
    [
      13,
      14
    ],
    [
      14,
      15
    ],
    [
      15,
      16
    ],
    [
      16,
      4
    ],
    [
      0,
      4
    ],
    [
      4,
      1
    ],
    [
      1,
      17
    ],
    [
      4,
      21
    ],
    [
      21,
      22
    ],
    [
      22,
      23
    ],
    [
      23,
      24
    ],
    [
      24,
      18
    ],
    [
      18,
      25
    ],
    [
      25,
      26
    ],
    [
      26,
      27
    ],
    [
      27,
      28
    ],
    [
      28,
      19
    ],
    [
      19,
      29
    ],
    [
      29,
      30
    ],
    [
      30,
      31
    ],
    [
      31,
      32
    ],
    [
      32,
      20
    ],
    [
      4,
      20
    ],
    [
      20,
      17
    ],
    [
      17,
      33
    ]
  ],
  "vertexTypes": [
    1,
    1,
    0,
    0,
    0,
    0,
    0,
    0,
    0,
    0,
    0,
    0,
    0,
    0,
    0,
    0,
    0,
    0,
    0,
    0,
    0,
    0,
    0,
    0,
    0,
    0,
    0,
    0,
    0,
    0,
    0,
    0,
    0,
    0
  ],
  "vertexBoyantRadiai": [
    0,
    0,
    0,
    0,
    0.3,
    0,
    0,
    0,
    0,
    0,
    0,
    0,
    0,
    0,
    0,
    0,
    0,
    0.35,
    0,
    0,
    0.3,
    0,
    0,
    0,
    0,
    0,
    0,
    0,
    0,
    0,
    0,
    0,
    0,
    0.35
  ],
  "edgeTypes": [
    0,
    0,
    0,
    0,
    0,
    0,
    0,
    0,
    0,
    0,
    0,
    0,
    0,
    0,
    0,
    0,
    2,
    2,
    2,
    0,
    0,
    0,
    0,
    0,
    0,
    0,
    0,
    0,
    0,
    0,
    0,
    0,
    0,
    0,
    2,
    2,
    2
  ],
  "edgeLengths": [
    2,
    0.09524334509340018,
    0.09524334509339996,
    0.09524334509340018,
    0.09524334509339996,
    0.09524334509340018,
    0.009576165612906052,
    0.009576165612906052,
    0.009576165612906272,
    0.009576165612906052,
    0.009576165612906052,
    0.09524334509339996,
    0.09524334509340018,
    0.09524334509339996,
    0.09524334509339996,
    0.09524334509340018,
    0.9047619047619047,
    1.9756166694199042,
    0.9047619047619047,
    0.09524334509339996,
    0.09524334509340018,
    0.09524334509339996,
    0.09524334509340018,
    0.09524334509340007,
    0.009576165612906052,
    0.009576165612906052,
    0.009576165612906163,
    0.009576165612906052,
    0.009576165612906052,
    0.09524334509340007,
    0.09524334509340007,
    0.09524334509340002,
    0.09524334509340007,
    0.09524334509340013,
    0.9047619047619047,
    1.4442857142857144,
    0.9047619047619047
  ],
  "edgeSplits": [
    1,
    1,
    1,
    1,
    1,
    1,
    1,
    1,
    1,
    1,
    1,
    1,
    1,
    1,
    1,
    1,
    1,
    1,
    1,
    1,
    1,
    1,
    1,
    1,
    1,
    1,
    1,
    1,
    1,
    1,
    1,
    1,
    1,
    1,
    1,
    1,
    1
  ],
  "waterLevel": 1.8714551493081353
}
