{"edges": [[0, 1], [1, 2], [2, 3], [3, 4], [4, 5], [0, 6], [6, 7], [7, 8], [8, 9], [9, 10], [1, 6], [2, 7], [3, 8], [4, 9], [5, 10]], "vertexTypes": [1, 1, 1, 1, 1, 1, 0, 0, 0, 0, 0], "vertexBoyantRadiai": [0.0, 0.0, 0.0, 0.0, 0.0, 0.0, 0.03, 0.03, 0.03, 0.03, 0.03], "vertices": [[1.0, 0.0], [1.8, 0.0], [2.6, 0.0], [3.4, 0.0], [4.2, 0.0], [5.0, 0.0], [1.799878156125113, 0.01396192514982681], [2.599756312250226, 0.02792385029965362], [3.399634468375339, 0.041885775449480425], [4.199512624500452, 0.05584770059930724], [4.999390780625565, 0.06980962574913405]], "edgeSplits": [0, 0, 0, 0, 0, 0, 0, 0, 0, 0, 0, 0, 0, 0, 0], "edgeTypes": [0, 0, 0, 0, 0, 0, 0, 0, 0, 0, 2, 2, 2, 2, 2], "edgeLengths": [0.8, 0.8, 0.7999999999999998, 0.8000000000000003, 0.7999999999999998, 0.7999999999999999, 0.7999999999999999, 0.7999999999999999, 0.7999999999999999, 0.8000000000000004, 0.4141104721640331, 0.8282209443280663, 1.2423314164920993, 1.6564418886561325, 2.0705523608201655], "waterLevel": 0.01}