{"edges": [[0, 1], [1, 2], [2, 3], [3, 4], [4, 5], [5, 6], [6, 7], [7, 8], [8, 9], [9, 10], [10, 11], [11, 12], [12, 13], [13, 14], [14, 15], [15, 16], [16, 17], [17, 18], [18, 19], [19, 20], [20, 21], [21, 22], [22, 23], [23, 24], [24, 25], [25, 26], [26, 27], [27, 28], [28, 29], [29, 30], [30, 31], [31, 32], [32, 33], [33, 34], [34, 35], [35, 36], [36, 37], [37, 38], [38, 39], [39, 40], [40, 41], [41, 42], [42, 43], [43, 44], [44, 45], [45, 46], [46, 47], [47, 48], [48, 49], [49, 50], [0, 51], [51, 52], [52, 53], [53, 54], [54, 55], [55, 56], [56, 57], [57, 58], [58, 59], [59, 60], [60, 61], [61, 62], [62, 63], [63, 64], [64, 65], [65, 66], [66, 67], [67, 68], [68, 69], [69, 70], [70, 71], [71, 72], [72, 73], [73, 74], [74, 75], [75, 76], [76, 77], [77, 78], [78, 79], [79, 80], [80, 81], [81, 82], [82, 83], [83, 84], [84, 85], [85, 86], [86, 87], [87, 88], [88, 89], [89, 90], [90, 91], [91, 92], [92, 93], [93, 94], [94, 95], [95, 96], [96, 97], [97, 98], [98, 99], [99, 100], [5, 55], [10, 60], [15, 65], [20, 70], [25, 75], [30, 80], [35, 85], [40, 90], [45, 95], [50, 100]], "vertexTypes": [1, 1, 1, 1, 1, 1, 1, 1, 1, 1, 1, 1, 1, 1, 1, 1, 1, 1, 1, 1, 1, 1, 1, 1, 1, 1, 1, 1, 1, 1, 1, 1, 1, 1, 1, 1, 1, 1, 1, 1, 1, 1, 1, 1, 1, 1, 1, 1, 1, 1, 1, 0, 0, 0, 0, 0, 0, 0, 0, 0, 0, 0, 0, 0, 0, 0, 0, 0, 0, 0, 0, 0, 0, 0, 0, 0, 0, 0, 0, 0, 0, 0, 0, 0, 0, 0, 0, 0, 0, 0, 0, 0, 0, 0, 0, 0, 0, 0, 0, 0, 0], "vertexBoyantRadiai": [0.0, 0.0, 0.0, 0.0, 0.0, 0.0, 0.0, 0.0, 0.0, 0.0, 0.0, 0.0, 0.0, 0.0, 0.0, 0.0, 0.0, 0.0, 0.0, 0.0, 0.0, 0.0, 0.0, 0.0, 0.0, 0.0, 0.0, 0.0, 0.0, 0.0, 0.0, 0.0, 0.0, 0.0, 0.0, 0.0, 0.0, 0.0, 0.0, 0.0, 0.0, 0.0, 0.0, 0.0, 0.0, 0.0, 0.0, 0.0, 0.0, 0.0, 0.0, 0.02, 0.02, 0.02, 0.02, 0.02, 0.02, 0.02, 0.02, 0.02, 0.02, 0.02, 0.02, 0.02, 0.02, 0.02, 0.02, 0.02, 0.02, 0.02, 0.02, 0.02, 0.02, 0.02, 0.02, 0.02, 0.02, 0.02, 0.02, 0.02, 0.02, 0.02, 0.02, 0.02, 0.02, 0.02, 0.02, 0.02, 0.02, 0.02, 0.02, 0.02, 0.02, 0.02, 0.02, 0.02, 0.02, 0.02, 0.02, 0.02, 0.02], "verteces": [[1.0, 0.0], [1.08, 0.0], [1.16, 0.0], [1.24, 0.0], [1.32, 0.0], [1.4, 0.0], [1.48, 0.0], [1.56, 0.0], [1.6400000000000001, 0.0], [1.72, 0.0], [1.8, 0.0], [1.88, 0.0], [1.96, 0.0], [2.04, 0.0], [2.12, 0.0], [2.2, 0.0], [2.2800000000000002, 0.0], [2.3600000000000003, 0.0], [2.44, 0.0], [2.52, 0.0], [2.6, 0.0], [2.6799999999999997, 0.0], [2.76, 0.0], [2.84, 0.0], [2.92, 0.0], [3.0, 0.0], [3.08, 0.0], [3.16, 0.0], [3.24, 0.0], [3.32, 0.0], [3.4, 0.0], [3.48, 0.0], [3.56, 0.0], [3.64, 0.0], [3.72, 0.0], [3.8, 0.0], [3.88, 0.0], [3.96, 0.0], [4.04, 0.0], [4.12, 0.0], [4.2, 0.0], [4.279999999999999, 0.0], [4.359999999999999, 0.0], [4.4399999999999995, 0.0], [4.52, 0.0], [4.6, 0.0], [4.68, 0.0], [4.76, 0.0], [4.84, 0.0], [4.92, 0.0], [5.0, 0.0], [1.0799878156125113, 0.001396192514982681], [1.1599756312250227, 0.002792385029965362], [1.239963446837534, 0.004188577544948043], [1.3199512624500453, 0.005584770059930724], [1.3999390780625565, 0.006980962574913405], [1.4799268936750678, 0.008377155089896086], [1.5599147092875791, 0.009773347604878767], [1.6399025249000905, 0.011169540119861448], [1.7198903405126016, 0.012565732634844128], [1.799878156125113, 0.01396192514982681], [1.8798659717376243, 0.01535811766480949], [1.9598537873501356, 0.016754310179792172], [2.039841602962647, 0.01815050269477485], [2.1198294185751583, 0.019546695209757534], [2.1998172341876696, 0.020942887724740213], [2.279805049800181, 0.022339080239722895], [2.3597928654126923, 0.023735272754705578], [2.439780681025203, 0.025131465269688257], [2.519768496637715, 0.02652765778467094], [2.599756312250226, 0.02792385029965362], [2.679744127862737, 0.029320042814636297], [2.7597319434752485, 0.03071623532961898], [2.8397197590877603, 0.032112427844601665], [2.919707574700271, 0.033508620359584344], [2.9996953903127825, 0.03490481287456702], [3.079683205925294, 0.0363010053895497], [3.159671021537805, 0.03769719790453239], [3.2396588371503166, 0.03909339041951507], [3.3196466527628274, 0.040489582934497746], [3.399634468375339, 0.041885775449480425], [3.47962228398785, 0.04328196796446311], [3.559610099600362, 0.04467816047944579], [3.6395979152128732, 0.046074352994428476], [3.7195857308253846, 0.047470545509411155], [3.7995735464378955, 0.04886673802439383], [3.879561362050407, 0.05026293053937651], [3.959549177662918, 0.05165912305435919], [4.03953699327543, 0.05305531556934188], [4.119524808887941, 0.05445150808432456], [4.199512624500452, 0.05584770059930724], [4.2795004401129635, 0.057243893114289915], [4.359488255725474, 0.058640085629272594], [4.439476071337985, 0.06003627814425528], [4.519463886950497, 0.06143247065923796], [4.599451702563009, 0.06282866317422064], [4.679439518175521, 0.06422485568920333], [4.759427333788031, 0.065621048204186], [4.839415149400542, 0.06701724071916869], [4.919402965013054, 0.06841343323415136], [4.999390780625565, 0.06980962574913405]], "edgeSplits": [0, 0, 0, 0, 0, 0, 0, 0, 0, 0, 0, 0, 0, 0, 0, 0, 0, 0, 0, 0, 0, 0, 0, 0, 0, 0, 0, 0, 0, 0, 0, 0, 0, 0, 0, 0, 0, 0, 0, 0, 0, 0, 0, 0, 0, 0, 0, 0, 0, 0, 0, 0, 0, 0, 0, 0, 0, 0, 0, 0, 0, 0, 0, 0, 0, 0, 0, 0, 0, 0, 0, 0, 0, 0, 0, 0, 0, 0, 0, 0, 0, 0, 0, 0, 0, 0, 0, 0, 0, 0, 0, 0, 0, 0, 0, 0, 0, 0, 0, 0, 0, 0, 0, 0, 0, 0, 0, 0, 0, 0], "edgeTypes": [0, 0, 0, 0, 0, 0, 0, 0, 0, 0, 0, 0, 0, 0, 0, 0, 0, 0, 0, 0, 0, 0, 0, 0, 0, 0, 0, 0, 0, 0, 0, 0, 0, 0, 0, 0, 0, 0, 0, 0, 0, 0, 0, 0, 0, 0, 0, 0, 0, 0, 0, 0, 0, 0, 0, 0, 0, 0, 0, 0, 0, 0, 0, 0, 0, 0, 0, 0, 0, 0, 0, 0, 0, 0, 0, 0, 0, 0, 0, 0, 0, 0, 0, 0, 0, 0, 0, 0, 0, 0, 0, 0, 0, 0, 0, 0, 0, 0, 0, 0, 2, 2, 2, 2, 2, 2, 2, 2, 2, 2], "edgeLengths": [0.08000000000000007, 0.07999999999999985, 0.08000000000000007, 0.08000000000000007, 0.07999999999999985, 0.08000000000000007, 0.08000000000000007, 0.08000000000000007, 0.07999999999999985, 0.08000000000000007, 0.07999999999999985, 0.08000000000000007, 0.08000000000000007, 0.08000000000000007, 0.08000000000000007, 0.08000000000000007, 0.08000000000000007, 0.07999999999999963, 0.08000000000000007, 0.08000000000000007, 0.07999999999999963, 0.08000000000000007, 0.08000000000000007, 0.08000000000000007, 0.08000000000000007, 0.08000000000000007, 0.08000000000000007, 0.08000000000000007, 0.07999999999999963, 0.08000000000000007, 0.08000000000000007, 0.08000000000000007, 0.08000000000000007, 0.08000000000000007, 0.07999999999999963, 0.08000000000000007, 0.08000000000000007, 0.08000000000000007, 0.08000000000000007, 0.08000000000000007, 0.07999999999999918, 0.08000000000000007, 0.08000000000000007, 0.08000000000000007, 0.08000000000000007, 0.08000000000000007, 0.08000000000000007, 0.08000000000000007, 0.08000000000000007, 0.08000000000000007, 0.08000000000000004, 0.08000000000000004, 0.08000000000000004, 0.08000000000000004, 0.07999999999999982, 0.08000000000000004, 0.08000000000000004, 0.08000000000000004, 0.07999999999999982, 0.08000000000000004, 0.08000000000000004, 0.08000000000000004, 0.08000000000000004, 0.08000000000000004, 0.08000000000000004, 0.08000000000000004, 0.08000000000000004, 0.0799999999999996, 0.08000000000000049, 0.0799999999999996, 0.08000000000000004, 0.08000000000000004, 0.08000000000000049, 0.0799999999999996, 0.08000000000000004, 0.08000000000000004, 0.08000000000000004, 0.08000000000000004, 0.0799999999999996, 0.08000000000000004, 0.08000000000000004, 0.08000000000000049, 0.08000000000000004, 0.08000000000000004, 0.0799999999999996, 0.08000000000000004, 0.08000000000000004, 0.08000000000000049, 0.0799999999999996, 0.0799999999999996, 0.08000000000000049, 0.0799999999999996, 0.0799999999999996, 0.08000000000000049, 0.08000000000000049, 0.08000000000000049, 0.07999999999999871, 0.08000000000000049, 0.08000000000000049, 0.0799999999999996, 0.20705523608201654, 0.4141104721640331, 0.6211657082460497, 0.8282209443280663, 1.0352761804100827, 1.2423314164920993, 1.449386652574116, 1.6564418886561325, 1.8634971247381489, 2.0705523608201655], "waterLevel": 0.01}