{"edges": [[0, 1], [0, 5], [5, 6], [6, 7], [7, 8], [8, 9], [9, 10], [10, 11], [11, 2], [2, 12], [12, 13], [13, 14], [14, 15], [15, 16], [16, 17], [17, 18], [18, 3], [3, 19], [19, 20], [20, 21], [21, 22], [22, 23], [23, 24], [24, 25], [25, 4], [0, 4], [4, 26], [1, 26], [4, 30], [30, 31], [31, 32], [32, 33], [33, 34], [34, 35], [35, 36], [36, 27], [27, 37], [37, 38], [38, 39], [39, 40], [40, 41], [41, 42], [42, 43], [43, 28], [28, 44], [44, 45], [45, 46], [46, 47], [47, 48], [48, 49], [49, 50], [50, 29], [4, 29], [29, 51], [26, 51]], "vertexTypes": [1, 1, 0, 0, 0, 0, 0, 0, 0, 0, 0, 0, 0, 0, 0, 0, 0, 0, 0, 0, 0, 0, 0, 0, 0, 0, 0, 0, 0, 0, 0, 0, 0, 0, 0, 0, 0, 0, 0, 0, 0, 0, 0, 0, 0, 0, 0, 0, 0, 0, 0, 0], "vertexBoyantRadiai": [0.0, 0.0, 0.0, 0.0, 0.6, 0.0, 0.0, 0.0, 0.0, 0.0, 0.0, 0.0, 0.0, 0.0, 0.0, 0.0, 0.0, 0.0, 0.0, 0.0, 0.0, 0.0, 0.0, 0.0, 0.0, 0.0, 0.6, 0.0, 0.0, 0.6, 0.0, 0.0, 0.0, 0.0, 0.0, 0.0, 0.0, 0.0, 0.0, 0.0, 0.0, 0.0, 0.0, 0.0, 0.0, 0.0, 0.0, 0.0, 0.0, 0.0, 0.0, 0.6], "verteces": [[2.0, 0.0], [4.0, 0.0], [1.1666666666666665, 0.01], [1.5, 0.02], [0.6666666666666666, 0.03], [1.8958333333333333, 0.00125], [1.7916666666666665, 0.0025], [1.6875, 0.0037500000000000003], [1.5833333333333333, 0.005], [1.4791666666666665, 0.0062499999999999995], [1.375, 0.007500000000000001], [1.270833333333333, 0.00875], [1.2083333333333333, 0.01125], [1.25, 0.0125], [1.2916666666666665, 0.01375], [1.3333333333333333, 0.015], [1.375, 0.01625], [1.4166666666666665, 0.0175], [1.4583333333333333, 0.018750000000000003], [1.3958333333333333, 0.02125], [1.2916666666666667, 0.0225], [1.1875, 0.02375], [1.0833333333333333, 0.025], [0.9791666666666666, 0.02625], [0.8749999999999999, 0.0275], [0.7708333333333333, 0.028749999999999998], [2.6666666666666665, 0.6], [-0.16666666666666674, 0.04], [0.16666666666666663, 0.05], [-0.6666666666666667, 0.060000000000000005], [0.5625, 0.03125], [0.45833333333333326, 0.0325], [0.3541666666666666, 0.03375], [0.24999999999999994, 0.035], [0.14583333333333326, 0.03625], [0.04166666666666652, 0.0375], [-0.06250000000000011, 0.03875], [-0.12500000000000006, 0.04125], [-0.0833333333333334, 0.0425], [-0.04166666666666674, 0.043750000000000004], [-5.551115123125783e-17, 0.045], [0.04166666666666663, 0.04625], [0.08333333333333326, 0.0475], [0.12499999999999994, 0.04875], [0.06249999999999996, 0.051250000000000004], [-0.04166666666666671, 0.052500000000000005], [-0.14583333333333343, 0.053750000000000006], [-0.25000000000000006, 0.05500000000000001], [-0.35416666666666674, 0.05625], [-0.4583333333333335, 0.0575], [-0.5625000000000001, 0.058750000000000004], [1.333333333333333, 0.6]], "edgeSplits": [0, 0, 0, 0, 0, 0, 0, 0, 0, 0, 0, 0, 0, 0, 0, 0, 0, 0, 0, 0, 0, 0, 0, 0, 0, 0, 0, 0, 0, 0, 0, 0, 0, 0, 0, 0, 0, 0, 0, 0, 0, 0, 0, 0, 0, 0, 0, 0, 0, 0, 0, 0, 0, 0, 0], "edgeTypes": [0, 0, 0, 0, 0, 0, 0, 0, 0, 0, 0, 0, 0, 0, 0, 0, 0, 0, 0, 0, 0, 0, 0, 0, 0, 2, 2, 2, 0, 0, 0, 0, 0, 0, 0, 0, 0, 0, 0, 0, 0, 0, 0, 0, 0, 0, 0, 0, 0, 0, 0, 0, 2, 2, 2], "edgeLengths": [2.0, 0.10417416639668618, 0.10417416639668618, 0.10417416639668595, 0.10417416639668618, 0.10417416639668618, 0.10417416639668595, 0.1041741663966864, 0.10417416639668595, 0.041685412449814115, 0.041685412449814115, 0.04168541244981389, 0.041685412449814115, 0.041685412449814115, 0.04168541244981389, 0.041685412449814115, 0.041685412449814115, 0.10417416639668618, 0.10417416639668595, 0.10417416639668618, 0.10417416639668618, 0.10417416639668607, 0.10417416639668618, 0.10417416639668607, 0.10417416639668607, 1.3333333333333335, 2.0, 1.3333333333333335, 0.10417416639668607, 0.10417416639668618, 0.10417416639668611, 0.10417416639668607, 0.10417416639668611, 0.10417416639668618, 0.10417416639668607, 0.10417416639668607, 0.04168541244981406, 0.04168541244981403, 0.04168541244981403, 0.04168541244981406, 0.04168541244981406, 0.041685412449814, 0.04168541244981406, 0.04168541244981406, 0.10417416639668611, 0.10417416639668611, 0.10417416639668615, 0.10417416639668607, 0.10417416639668611, 0.10417416639668618, 0.10417416639668607, 0.10417416639668607, 1.3333333333333335, 2.0, 1.3333333333333335], "waterLevel": 0.01}